Title,Location,Date
Samay Raina Unfiltered - Los Angeles,Aratani Theatre,"Fri, 07 Feb"
New Year’s Eve Los Angeles Club Crawl,TBA,"Tue, 31 Dec"
The Elixir Piano Trio Sparks the Stage in NoHo!,Community Auditorium • Church of Scn of the Valley,09-10 Mar
Marina Grozdanovic Internationally Acclaimed Pianist Comes to NoHo!,Community Auditorium • Church of Scn of the Valley,"Sun, 18 May"
Hollywood Club Crawl | Presented by LA Epic Club Crawls,LA Epic Club Crawls,Multiple Dates
Awakening Your Ancestral Memory,Los Angeles,29 Nov-01 Dec
New Year’s Eve Los Angeles Club Crawl,TBA,"Tue, 31 Dec"
Magic at the Biltmore with David Minkin,The Biltmore Los Angeles,Multiple Dates
TURKEY GIVEAWAY #HollenbeckYouthCenter,Hollenbeck Youth Center and Inner-City Games,"Tue, 26 Nov"
Sponsorships Available - TurkeyTastic Community Distribution Event,2010 W 62nd St,"Fri, 22 Nov"